320	x=109&y=109	全局阶段：固定 6453 条边，起点候选 16 / 8028 (0.2%)
340	x=117&y=115	全局阶段：固定 7642 条边，起点候选 83 / 9023 (0.9%)
360	x=123&y=122	全局阶段：固定 8615 条边，起点候选 16 / 10137 (0.2%)
380	x=129&y=129	全局阶段：固定 9022 条边，起点候选 411 / 11376 (3.6%)
400	x=137&y=135	全局阶段：固定 9941 条边，起点候选 84 / 12451 (0.7%)
420	x=143&y=142	全局阶段：固定 11261 条边，起点候选 130 / 13642 (1.0%)
440	x=149&y=149	全局阶段：固定 11903 条边，起点候选 43 / 15135 (0.3%)
460	x=157&y=155	全局阶段：固定 13643 条边，起点候选 43 / 16398 (0.3%)
480	x=163&y=162	全局阶段：固定 15764 条边，起点候选 87 / 17444 (0.5%)
500	x=169&y=169	全局阶段：固定 16193 条边，起点候选 114 / 18912 (0.6%)
520	x=177&y=175	全局阶段：固定 17823 条边，起点候选 48 / 20487 (0.2%)
540	x=183&y=182	全局阶段：固定 18562 条边，起点候选 44 / 22153 (0.2%)
560	x=189&y=189	全局阶段：固定 20748 条边，起点候选 22 / 23578 (0.1%)
580	x=197&y=195	全局阶段：固定 0 条边，起点候选 25356 / 25356 (100.0%)
600	x=203&y=202	全局阶段：固定 23039 条边，起点候选 88 / 27246 (0.3%)
620	x=209&y=209	全局阶段：固定 24690 条边，起点候选 78 / 29345 (0.3%)
640	x=217&y=215	全局阶段：固定 26156 条边，起点候选 130 / 31177 (0.4%)
660	x=223&y=222	全局阶段：固定 28519 条边，起点候选 64 / 32984 (0.2%)
680	x=229&y=229	全局阶段：固定 29841 条边，起点候选 21 / 34859 (0.1%)
700	x=237&y=235	全局阶段：固定 31372 条边，起点候选 119 / 37045 (0.3%)
720	x=243&y=242	全局阶段：固定 32561 条边，起点候选 206 / 39147 (0.5%)
740	x=249&y=249	全局阶段：固定 35527 条边，起点候选 48 / 41203 (0.1%)
760	x=257&y=255	全局阶段：固定 36738 条边，起点候选 75 / 43423 (0.2%)
780	x=263&y=262	全局阶段：固定 38318 条边，起点候选 105 / 46016 (0.2%)
800	x=269&y=269	全局阶段：固定 41544 条边，起点候选 117 / 48185 (0.2%)
805	x=272&y=270	全局阶段：固定 41330 条边，起点候选 10 / 49122 (0.0%)
807	x=272&y=271	全局阶段：固定 40728 条边，起点候选 42 / 49798 (0.1%)
809	x=272&y=272	全局阶段：固定 41808 条边，起点候选 66 / 49454 (0.1%)
811	x=274&y=272	全局阶段：固定 41673 条边，起点候选 44 / 50113 (0.1%)
813	x=274&y=273	全局阶段：固定 42250 条边，起点候选 208 / 49845 (0.4%)
560	全局阶段：固定 20748 条边，起点候选 22 / 23578 (0.1%)
562	全局阶段：固定 20063 条边，起点候选 21 / 23898 (0.1%)
564	全局阶段：固定 20192 条边，起点候选 99 / 24325 (0.4%)
566	全局阶段：固定 20781 条边，起点候选 18 / 24289 (0.1%)
568	全局阶段：固定 21238 条边，起点候选 69 / 24609 (0.3%)
570	全局阶段：固定 0 条边，起点候选 24848 / 24848 (100.0%)
572	全局阶段：固定 21529 条边，起点候选 13 / 24663 (0.1%)
574	全局阶段：固定 21201 条边，起点候选 115 / 25196 (0.5%)
576	全局阶段：固定 21700 条边，起点候选 19 / 25111 (0.1%)
578	全局阶段：固定 20894 条边，起点候选 22 / 25120 (0.1%)
580	全局阶段：固定 0 条边，起点候选 25356 / 25356 (100.0%)
582	全局阶段：固定 0 条边，起点候选 25590 / 25590 (100.0%)
584	全局阶段：固定 22185 条边，起点候选 139 / 25715 (0.5%)
586	全局阶段：固定 22061 条边，起点候选 179 / 26035 (0.7%)
588	全局阶段：固定 22757 条边，起点候选 43 / 26109 (0.2%)
590	全局阶段：固定 0 条边，起点候选 26296 / 26296 (100.0%)
592	全局阶段：固定 22669 条边，起点候选 2 / 26611 (0.0%)
594	全局阶段：固定 23010 条边，起点候选 19 / 26770 (0.1%)
596	全局阶段：固定 22418 条边，起点候选 44 / 26738 (0.2%)
598	全局阶段：固定 0 条边，起点候选 27118 / 27118 (100.0%)
600	全局阶段：固定 23039 条边，起点候选 88 / 27246 (0.3%)
602	全局阶段：固定 22787 条边，起点候选 10 / 27253 (0.0%)
604	全局阶段：固定 23633 条边，起点候选 85 / 27592 (0.3%)
606	全局阶段：固定 23553 条边，起点候选 157 / 27736 (0.6%)
608	全局阶段：固定 24769 条边，起点候选 47 / 27768 (0.2%)
610	全局阶段：固定 23698 条边，起点候选 72 / 28073 (0.3%)
612	全局阶段：固定 24555 条边，起点候选 24 / 28475 (0.1%)
614	全局阶段：固定 23492 条边，起点候选 28 / 28656 (0.1%)
616	全局阶段：固定 24356 条边，起点候选 107 / 28951 (0.4%)
618	全局阶段：固定 24478 条边，起点候选 35 / 29046 (0.1%)
620	全局阶段：固定 24690 条边，起点候选 78 / 29345 (0.3%)
622	全局阶段：固定 24920 条边，起点候选 38 / 29257 (0.1%)
624	全局阶段：固定 25446 条边，起点候选 98 / 29357 (0.3%)
626	全局阶段：固定 24833 条边，起点候选 160 / 29741 (0.5%)
628	全局阶段：固定 0 条边，起点候选 30044 / 30044 (100.0%)
630	全局阶段：固定 0 条边，起点候选 29914 / 29914 (100.0%)
632	全局阶段：固定 26388 条边，起点候选 45 / 30099 (0.1%)
634	全局阶段：固定 0 条边，起点候选 30650 / 30650 (100.0%)
636	全局阶段：固定 26856 条边，起点候选 9 / 30536 (0.0%)
638	全局阶段：固定 26252 条边，起点候选 41 / 30996 (0.1%)
640	全局阶段：固定 26156 条边，起点候选 130 / 31177 (0.4%)
642	全局阶段：固定 25868 条边，起点候选 54 / 31313 (0.2%)
644	全局阶段：固定 26447 条边，起点候选 149 / 31088 (0.5%)
646	全局阶段：固定 28553 条边，起点候选 55 / 31555 (0.2%)
648	全局阶段：固定 26749 条边，起点候选 17 / 31887 (0.1%)
650	全局阶段：固定 27836 条边，起点候选 85 / 31785 (0.3%)
652	全局阶段：固定 28742 条边，起点候选 61 / 32219 (0.2%)
654	全局阶段：固定 28139 条边，起点候选 18 / 32628 (0.1%)
656	全局阶段：固定 27802 条边，起点候选 84 / 32554 (0.3%)
658	全局阶段：固定 27363 条边，起点候选 127 / 32689 (0.4%)
660	全局阶段：固定 28519 条边，起点候选 64 / 32984 (0.2%)
700	全局阶段：固定 31372 条边，起点候选 119 / 37045 (0.3%)
702	全局阶段：固定 32204 条边，起点候选 189 / 37537 (0.5%)
704	全局阶段：固定 31211 条边，起点候选 15 / 37399 (0.0%)
706	全局阶段：固定 32624 条边，起点候选 14 / 37724 (0.0%)
708	全局阶段：固定 31400 条边，起点候选 68 / 38036 (0.2%)
710	全局阶段：固定 32589 条边，起点候选 39 / 38413 (0.1%)
712	全局阶段：固定 32177 条边，起点候选 70 / 38361 (0.2%)
714	全局阶段：固定 31692 条边，起点候选 85 / 38542 (0.2%)
716	全局阶段：固定 32206 条边，起点候选 154 / 38570 (0.4%)
718	全局阶段：固定 33469 条边，起点候选 49 / 39321 (0.1%)
720	全局阶段：固定 32561 条边，起点候选 206 / 39147 (0.5%)
722	全局阶段：固定 33832 条边，起点候选 92 / 39626 (0.2%)
724	全局阶段：固定 34359 条边，起点候选 76 / 39685 (0.2%)
726	全局阶段：固定 33675 条边，起点候选 38 / 39915 (0.1%)
728	全局阶段：固定 34053 条边，起点候选 2 / 40218 (0.0%)
730	全局阶段：固定 34071 条边，起点候选 16 / 40022 (0.0%)
732	全局阶段：固定 33213 条边，起点候选 167 / 40800 (0.4%)
734	全局阶段：固定 33860 条边，起点候选 80 / 40575 (0.2%)
736	全局阶段：固定 0 条边，起点候选 40942 / 40942 (100.0%)
738	全局阶段：固定 34625 条边，起点候选 66 / 41276 (0.2%)
740	全局阶段：固定 35527 条边，起点候选 48 / 41203 (0.1%)
742	全局阶段：固定 36238 条边，起点候选 223 / 41600 (0.5%)
744	全局阶段：固定 0 条边，起点候选 41898 / 41898 (100.0%)
746	全局阶段：固定 35435 条边，起点候选 26 / 42193 (0.1%)
748	全局阶段：固定 0 条边，起点候选 42398 / 42398 (100.0%)
750	全局阶段：固定 34890 条边，起点候选 15 / 42878 (0.0%)
752	全局阶段：固定 35966 条边，起点候选 42 / 42896 (0.1%)
754	全局阶段：固定 36181 条边，起点候选 96 / 42867 (0.2%)
756	全局阶段：固定 36860 条边，起点候选 25 / 43469 (0.1%)
758	全局阶段：固定 35297 条边，起点候选 18 / 43667 (0.0%)
760	全局阶段：固定 36738 条边，起点候选 75 / 43423 (0.2%)
762	全局阶段：固定 37047 条边，起点候选 133 / 43915 (0.3%)
764	全局阶段：固定 38668 条边，起点候选 24 / 44058 (0.1%)
766	全局阶段：固定 37951 条边，起点候选 34 / 44381 (0.1%)
768	全局阶段：固定 37474 条边，起点候选 12 / 44420 (0.0%)
770	全局阶段：固定 0 条边，起点候选 44924 / 44924 (100.0%)
772	全局阶段：固定 36915 条边，起点候选 43 / 45311 (0.1%)
774	全局阶段：固定 38554 条边，起点候选 7 / 45334 (0.0%)
776	全局阶段：固定 37908 条边，起点候选 58 / 45290 (0.1%)
778	全局阶段：固定 39465 条边，起点候选 122 / 45779 (0.3%)
780	全局阶段：固定 38318 条边，起点候选 105 / 46016 (0.2%)
782	全局阶段：固定 38350 条边，起点候选 22 / 46489 (0.0%)
784	全局阶段：固定 38656 条边，起点候选 18 / 46866 (0.0%)
786	全局阶段：固定 39760 条边，起点候选 50 / 46936 (0.1%)
788	全局阶段：固定 39998 条边，起点候选 56 / 46800 (0.1%)
790	全局阶段：固定 40825 条边，起点候选 49 / 47346 (0.1%)
792	全局阶段：固定 39701 条边，起点候选 43 / 47490 (0.1%)
794	全局阶段：固定 0 条边，起点候选 47546 / 47546 (100.0%)
796	全局阶段：固定 40675 条边，起点候选 151 / 48181 (0.3%)
798	全局阶段：固定 40074 条边，起点候选 8 / 47927 (0.0%)
800	全局阶段：固定 41544 条边，起点候选 117 / 48185 (0.2%)
802	全局阶段：固定 41289 条边，起点候选 92 / 48747 (0.2%)
804	全局阶段：固定 41376 条边，起点候选 162 / 48762 (0.3%)
806	全局阶段：固定 41108 条边，起点候选 21 / 49180 (0.0%)
808	全局阶段：固定 41205 条边，起点候选 20 / 49333 (0.0%)
810	全局阶段：固定 40104 条边，起点候选 36 / 50030 (0.1%)
812	全局阶段：固定 42008 条边，起点候选 21 / 49878 (0.0%)
